-- phpMyAdmin SQL Dump
-- version 5.1.1deb5ubuntu1
-- https://www.phpmyadmin.net/
--
-- Host: localhost:3306
-- Generation Time: Mar 21, 2024 at 10:50 AM
-- Server version: 10.6.16-MariaDB-0ubuntu0.22.04.1
-- PHP Version: 8.1.2-1ubuntu2.14

SET SQL_MODE = "NO_AUTO_VALUE_ON_ZERO";
START TRANSACTION;
SET time_zone = "+00:00";


/*!40101 SET @OLD_CHARACTER_SET_CLIENT=@@CHARACTER_SET_CLIENT */;
/*!40101 SET @OLD_CHARACTER_SET_RESULTS=@@CHARACTER_SET_RESULTS */;
/*!40101 SET @OLD_COLLATION_CONNECTION=@@COLLATION_CONNECTION */;
/*!40101 SET NAMES utf8mb4 */;

--
-- Database: `samhigg_db`
--

-- --------------------------------------------------------

--
-- Stand-in structure for view `Average Practice Laps`
-- (See below for the actual view)
--
CREATE TABLE `Average Practice Laps` (
`teamName` varchar(60)
,`Average Laps` decimal(13,2)
);

-- --------------------------------------------------------

--
-- Stand-in structure for view `Average Speed By Event`
-- (See below for the actual view)
--
CREATE TABLE `Average Speed By Event` (
`eventID` int(11)
,`eventName` varchar(60)
,`Average Top Speed` double(19,2)
);

-- --------------------------------------------------------

--
-- Table structure for table `car`
--

CREATE TABLE `car` (
  `carID` int(11) NOT NULL,
  `teamID` int(11) NOT NULL
) ENGINE=InnoDB DEFAULT CHARSET=utf8mb4 COLLATE=utf8mb4_general_ci;

--
-- Dumping data for table `car`
--

INSERT INTO `car` (`carID`, `teamID`) VALUES
(50, 1),
(14, 2),
(55, 2),
(26, 3),
(27, 3),
(28, 3),
(29, 3),
(98, 3),
(5, 4),
(6, 4),
(7, 4),
(66, 4),
(8, 5),
(9, 5),
(10, 5),
(11, 5),
(18, 6),
(51, 6),
(23, 7),
(24, 7),
(20, 8),
(21, 8),
(33, 8),
(77, 9),
(78, 9),
(60, 10),
(600, 10),
(15, 11),
(30, 11),
(44, 11),
(45, 11),
(2, 12),
(3, 12),
(12, 12);

-- --------------------------------------------------------

--
-- Table structure for table `carSession`
--

CREATE TABLE `carSession` (
  `carID` int(11) NOT NULL,
  `sessionID` int(11) NOT NULL,
  `position` int(11) NOT NULL,
  `driverIDNum` int(11) NOT NULL,
  `topMPH` float NOT NULL,
  `lapCount` int(11) NOT NULL
) ENGINE=InnoDB DEFAULT CHARSET=utf8mb4 COLLATE=utf8mb4_general_ci;

--
-- Dumping data for table `carSession`
--

INSERT INTO `carSession` (`carID`, `sessionID`, `position`, `driverIDNum`, `topMPH`, `lapCount`) VALUES
(9, 1, 1, 2, 105.17, 29),
(26, 1, 2, 10, 105.114, 25),
(10, 1, 3, 1, 105.06, 25),
(27, 1, 4, 11, 105.05, 26),
(60, 1, 5, 28, 105.031, 28),
(21, 1, 6, 14, 104.767, 25),
(18, 1, 7, 17, 104.75, 24),
(12, 1, 8, 7, 104.699, 27),
(11, 1, 9, 20, 104.61, 35),
(3, 1, 10, 3, 104.536, 26),
(5, 1, 11, 4, 104.486, 23),
(77, 1, 12, 16, 104.455, 25),
(8, 1, 13, 6, 104.393, 29),
(28, 1, 14, 13, 104.337, 30),
(6, 1, 15, 12, 104.332, 26),
(29, 1, 16, 22, 104.095, 26),
(30, 1, 17, 24, 103.973, 26),
(600, 1, 18, 18, 103.964, 25),
(78, 1, 19, 21, 103.908, 34),
(14, 1, 20, 19, 103.841, 29),
(7, 1, 21, 9, 103.744, 22),
(2, 1, 22, 5, 103.655, 17),
(20, 1, 23, 25, 103.6, 29),
(51, 1, 24, 23, 103.159, 37),
(45, 1, 25, 8, 102.79, 13),
(15, 1, 26, 15, 102.631, 18),
(55, 1, 27, 27, 102.026, 26),
(26, 2, 1, 10, 107.86, 26),
(3, 2, 2, 3, 107.55, 27),
(21, 2, 3, 14, 107.178, 20),
(27, 2, 4, 11, 107.055, 22),
(10, 2, 5, 1, 106.762, 29),
(8, 2, 6, 6, 106.754, 27),
(28, 2, 7, 13, 106.635, 19),
(6, 2, 8, 12, 106.549, 18),
(7, 2, 9, 9, 106.51, 23),
(5, 2, 10, 4, 106.351, 21),
(18, 2, 11, 17, 106.281, 25),
(30, 2, 12, 24, 106.173, 26),
(9, 2, 13, 2, 105.989, 15),
(45, 2, 14, 8, 105.976, 22),
(2, 2, 15, 5, 105.847, 26),
(600, 2, 16, 18, 105.817, 24),
(20, 2, 17, 25, 105.774, 26),
(60, 2, 18, 28, 105.519, 22),
(12, 2, 19, 7, 105.489, 27),
(11, 2, 20, 20, 105.397, 26),
(77, 2, 21, 16, 105.349, 22),
(78, 2, 22, 21, 105.014, 24),
(15, 2, 23, 15, 104.805, 22),
(14, 2, 24, 19, 104.708, 24),
(55, 2, 25, 27, 102.88, 26),
(51, 2, 26, 23, 102.488, 9),
(29, 2, 27, 22, 101.192, 4),
(28, 3, 1, 13, 108.81, 5),
(26, 3, 2, 10, 108.056, 3),
(5, 3, 3, 4, 107.971, 5),
(8, 3, 4, 6, 107.208, 5),
(27, 3, 5, 11, 0, 0),
(3, 3, 6, 3, 0, 2),
(10, 3, 7, 1, 108.401, 6),
(6, 3, 8, 12, 108.366, 5),
(9, 3, 9, 2, 108.359, 5),
(12, 3, 10, 7, 108.093, 4),
(45, 3, 11, 8, 108.069, 7),
(7, 3, 12, 9, 107.993, 4),
(11, 3, 13, 20, 107.435, 6),
(2, 3, 14, 5, 107.891, 7),
(600, 3, 15, 18, 107.099, 8),
(18, 3, 16, 17, 107.857, 6),
(14, 3, 17, 19, 107.054, 8),
(29, 3, 18, 22, 107.677, 6),
(30, 3, 19, 24, 106.707, 8),
(15, 3, 20, 15, 107.336, 8),
(78, 3, 21, 21, 106.109, 6),
(77, 3, 22, 16, 107.308, 8),
(51, 3, 23, 23, 103.894, 8),
(21, 3, 24, 14, 107.137, 6),
(60, 3, 25, 28, 16.306, 3),
(20, 3, 26, 25, 106.919, 7),
(55, 3, 27, 27, 105.476, 7),
(26, 4, 1, 10, 106.951, 20),
(27, 4, 2, 11, 106.717, 22),
(9, 4, 3, 2, 106.513, 22),
(600, 4, 4, 18, 106.259, 24),
(77, 4, 5, 16, 106.174, 26),
(2, 4, 6, 5, 106.159, 26),
(10, 4, 7, 1, 105.894, 22),
(12, 4, 8, 7, 105.847, 26),
(60, 4, 9, 28, 105.798, 22),
(8, 4, 10, 6, 105.779, 26),
(28, 4, 11, 13, 105.729, 26),
(29, 4, 12, 22, 105.64, 23),
(45, 4, 13, 8, 105.575, 19),
(11, 4, 14, 20, 105.506, 26),
(15, 4, 15, 15, 105.468, 22),
(30, 4, 16, 24, 105.389, 23),
(3, 4, 17, 3, 105.377, 24),
(21, 4, 18, 14, 105.339, 26),
(5, 4, 19, 4, 105.301, 22),
(6, 4, 20, 12, 105.3, 23),
(18, 4, 21, 17, 104.729, 26),
(78, 4, 22, 21, 104.608, 19),
(20, 4, 23, 25, 104.391, 24),
(7, 4, 24, 9, 104.186, 23),
(51, 4, 25, 23, 103.545, 21),
(14, 4, 26, 19, 103.314, 23),
(55, 4, 27, 27, 102.628, 20),
(8, 5, 1, 6, 86.047, 100),
(5, 5, 2, 4, 86.019, 100),
(9, 5, 3, 2, 86.013, 100),
(7, 5, 4, 9, 85.969, 100),
(77, 5, 5, 16, 85.952, 100),
(15, 5, 6, 15, 85.924, 100),
(12, 5, 7, 7, 85.913, 100),
(10, 5, 8, 1, 85.879, 100),
(45, 5, 9, 8, 85.876, 100),
(18, 5, 10, 17, 85.871, 100),
(11, 5, 11, 20, 85.867, 100),
(78, 5, 12, 21, 85.726, 100),
(3, 5, 13, 3, 84.635, 99),
(20, 5, 14, 25, 84.544, 99),
(27, 5, 15, 11, 83.023, 97),
(51, 5, 16, 23, 84.736, 96),
(2, 5, 17, 5, 84.972, 95),
(28, 5, 18, 13, 84.868, 71),
(6, 5, 19, 12, 46.842, 51),
(26, 5, 20, 10, 82.155, 49),
(21, 5, 21, 14, 87.08, 41),
(30, 5, 22, 24, 87.052, 41),
(600, 5, 23, 18, 0, 0),
(14, 5, 24, 19, 0, 0),
(29, 5, 25, 22, 0, 0),
(60, 5, 26, 28, 0, 0),
(55, 5, 27, 27, 0, 0),
(3, 6, 1, 3, 223.747, 40),
(5, 6, 2, 4, 223.518, 32),
(7, 6, 3, 9, 223.468, 34),
(26, 6, 4, 10, 223.318, 35),
(29, 6, 5, 22, 223.225, 34),
(6, 6, 6, 12, 222.913, 50),
(77, 6, 7, 16, 222.885, 44),
(11, 6, 8, 29, 222.81, 43),
(2, 6, 9, 5, 222.484, 24),
(9, 6, 10, 2, 222.294, 34),
(60, 6, 11, 28, 222.038, 47),
(14, 6, 12, 19, 221.998, 37),
(10, 6, 13, 1, 221.882, 37),
(12, 6, 14, 7, 221.736, 33),
(18, 6, 15, 17, 221.73, 39),
(28, 6, 16, 13, 221.659, 36),
(600, 6, 17, 18, 221.587, 35),
(55, 6, 18, 27, 221.487, 38),
(8, 6, 19, 6, 220.683, 36),
(20, 6, 20, 25, 220.519, 38),
(21, 6, 21, 14, 220.442, 33),
(51, 6, 22, 23, 220.38, 41),
(27, 6, 23, 11, 220.175, 38),
(78, 6, 24, 21, 220.172, 30),
(33, 6, 25, 30, 220.025, 29),
(15, 6, 26, 15, 219.6, 45),
(30, 6, 27, 24, 219.548, 40),
(45, 6, 28, 8, 215.983, 42),
(6, 7, 1, 12, 220.264, 2),
(9, 7, 2, 2, 219.972, 2),
(7, 7, 3, 9, 219.96, 2),
(2, 7, 4, 5, 219.801, 2),
(5, 7, 5, 4, 219.619, 2),
(11, 7, 6, 29, 219.508, 2),
(10, 7, 7, 1, 219.48, 2),
(12, 7, 8, 7, 219.355, 2),
(18, 7, 9, 17, 219.256, 2),
(26, 7, 10, 10, 219.184, 2),
(28, 7, 11, 13, 219.165, 2),
(29, 7, 12, 22, 219.146, 2),
(55, 7, 13, 27, 219.1, 2),
(14, 7, 14, 19, 218.892, 2),
(3, 7, 15, 3, 218.765, 2),
(8, 7, 16, 6, 218.698, 2),
(77, 7, 17, 16, 218.427, 2),
(33, 7, 18, 30, 218.375, 2),
(78, 7, 19, 21, 218.367, 2),
(27, 7, 20, 11, 218.227, 2),
(600, 7, 21, 18, 218.196, 2),
(60, 7, 22, 28, 218.103, 2),
(51, 7, 23, 23, 217.676, 2),
(15, 7, 24, 15, 217.611, 2),
(20, 7, 25, 25, 217.457, 2),
(21, 7, 26, 14, 216.88, 2),
(45, 7, 27, 8, 216.21, 2),
(30, 7, 28, 24, 216.103, 2),
(9, 8, 1, 2, 222.378, 84),
(2, 8, 2, 5, 221.792, 106),
(11, 8, 3, 29, 220.992, 74),
(3, 8, 4, 3, 220.866, 95),
(26, 8, 5, 10, 220.807, 89),
(12, 8, 6, 7, 220.583, 98),
(77, 8, 7, 16, 220.462, 69),
(6, 8, 8, 12, 220.115, 93),
(10, 8, 9, 1, 219.868, 88),
(8, 8, 10, 6, 219.674, 100),
(7, 8, 11, 9, 219.419, 81),
(28, 8, 12, 13, 219.063, 70),
(5, 8, 13, 4, 218.771, 96),
(18, 8, 14, 17, 218.542, 87),
(78, 8, 15, 21, 218.343, 59),
(27, 8, 16, 11, 218.246, 56),
(51, 8, 17, 23, 218.193, 92),
(60, 8, 18, 28, 217.867, 49),
(45, 8, 19, 8, 217.629, 76),
(20, 8, 20, 25, 217.59, 49),
(33, 8, 21, 30, 217.424, 74),
(29, 8, 22, 22, 217.39, 67),
(15, 8, 23, 15, 217.045, 71),
(55, 8, 24, 27, 216.656, 60),
(14, 8, 25, 19, 216.637, 75),
(21, 8, 26, 14, 216.427, 92),
(30, 8, 27, 24, 215.511, 59),
(2, 9, 1, 5, 169.917, 250),
(5, 9, 2, 4, 169.888, 250),
(10, 9, 3, 1, 169.875, 250),
(18, 9, 4, 17, 169.87, 250),
(9, 9, 5, 2, 169.862, 250),
(3, 9, 6, 3, 169.825, 250),
(26, 9, 7, 10, 169.774, 250),
(8, 9, 8, 6, 169.12, 249),
(77, 9, 9, 16, 169.098, 249),
(600, 9, 10, 18, 169.083, 249),
(21, 9, 11, 14, 169.066, 249),
(78, 9, 12, 21, 169, 249),
(33, 9, 13, 30, 168.953, 249),
(28, 9, 14, 13, 170.275, 248),
(55, 9, 15, 27, 168.307, 248),
(12, 9, 16, 7, 168.234, 248),
(60, 9, 17, 28, 167.613, 247),
(30, 9, 18, 24, 167.573, 247),
(45, 9, 19, 8, 167.467, 247),
(20, 9, 20, 25, 166.85, 246),
(14, 9, 21, 19, 166.798, 246),
(7, 9, 22, 9, 164.962, 243),
(29, 9, 23, 22, 176.227, 221),
(15, 9, 24, 15, 174.598, 219),
(51, 9, 25, 23, 181.697, 208),
(6, 9, 26, 12, 192.424, 177),
(27, 9, 27, 11, 182.495, 97),
(11, 9, 28, 29, 209.772, 46),
(5, 10, 1, 4, 106.219, 23),
(9, 10, 2, 2, 105.799, 27),
(26, 10, 3, 10, 105.774, 25),
(8, 10, 4, 6, 105.766, 24),
(28, 10, 5, 13, 105.578, 25),
(10, 10, 6, 1, 105.505, 24),
(7, 10, 7, 9, 105.496, 23),
(77, 10, 8, 16, 105.355, 27),
(6, 10, 9, 12, 105.251, 25),
(45, 10, 10, 8, 105.235, 24),
(27, 10, 11, 11, 105.216, 27),
(30, 10, 12, 24, 105.137, 23),
(3, 10, 13, 3, 105.12, 30),
(2, 10, 14, 5, 105.073, 16),
(12, 10, 15, 7, 105.05, 33),
(15, 10, 16, 15, 104.993, 27),
(18, 10, 17, 17, 104.922, 25),
(60, 10, 18, 28, 104.912, 25),
(11, 10, 19, 20, 104.899, 37),
(20, 10, 20, 25, 104.808, 30),
(29, 10, 21, 22, 104.688, 28),
(21, 10, 22, 14, 104.61, 32),
(78, 10, 23, 21, 104.482, 23),
(600, 10, 24, 18, 104.31, 25),
(51, 10, 25, 23, 103.791, 30),
(14, 10, 26, 19, 102.742, 25),
(55, 10, 27, 27, 102.612, 34),
(5, 11, 1, 4, 107.348, 24),
(27, 11, 2, 11, 107.321, 24),
(28, 11, 3, 13, 107.243, 25),
(26, 11, 4, 10, 107.106, 24),
(3, 11, 5, 3, 107.042, 25),
(6, 11, 6, 12, 106.968, 20),
(9, 11, 7, 2, 106.955, 24),
(8, 11, 8, 6, 106.614, 25),
(10, 11, 9, 1, 106.37, 24),
(2, 11, 10, 5, 106.358, 26),
(15, 11, 11, 15, 106.332, 26),
(18, 11, 12, 17, 106.332, 20),
(60, 11, 13, 28, 106.15, 21),
(12, 11, 14, 7, 106.038, 22),
(11, 11, 15, 20, 106.024, 29),
(21, 11, 16, 14, 105.824, 18),
(600, 11, 17, 18, 105.78, 24),
(30, 11, 18, 24, 105.665, 25),
(29, 11, 19, 22, 105.647, 24),
(7, 11, 20, 9, 105.647, 19),
(78, 11, 21, 21, 105.535, 24),
(45, 11, 22, 8, 105.327, 22),
(14, 11, 23, 19, 105.269, 20),
(51, 11, 24, 23, 104.39, 25),
(20, 11, 25, 25, 104.267, 23),
(55, 11, 26, 27, 104.094, 24),
(77, 11, 27, 16, 82.012, 1),
(27, 12, 1, 11, 106.879, 4),
(8, 12, 2, 6, 106.819, 4),
(28, 12, 3, 13, 106.483, 4),
(10, 12, 4, 1, 106.45, 5),
(9, 12, 5, 2, 106.422, 5),
(5, 12, 6, 4, 106.372, 3),
(26, 12, 7, 10, 106.31, 7),
(2, 12, 8, 5, 106.306, 9),
(3, 12, 9, 3, 106.179, 7),
(6, 12, 10, 12, 106.168, 8),
(7, 12, 11, 9, 105.578, 7),
(11, 12, 12, 20, 101.525, 5),
(12, 12, 13, 7, 105.322, 7),
(60, 12, 14, 28, 106.058, 7),
(30, 12, 15, 24, 105.248, 8),
(600, 12, 16, 18, 105.84, 5),
(45, 12, 17, 8, 105.122, 7),
(14, 12, 18, 19, 105.82, 7),
(21, 12, 19, 14, 104.373, 6),
(29, 12, 20, 22, 105.697, 6),
(51, 12, 21, 23, 104.326, 8),
(77, 12, 22, 16, 105.666, 7),
(55, 12, 23, 27, 103.735, 8),
(15, 12, 24, 15, 105.6, 8),
(18, 12, 25, 17, 0, 2),
(78, 12, 26, 21, 104.812, 7),
(20, 12, 27, 25, 104.652, 7),
(2, 13, 1, 5, 106.441, 22),
(7, 13, 2, 9, 106.133, 23),
(26, 13, 3, 10, 106.041, 20),
(9, 13, 4, 2, 105.698, 22),
(27, 13, 5, 11, 105.666, 21),
(60, 13, 6, 28, 105.463, 19),
(21, 13, 7, 14, 105.312, 23),
(8, 13, 8, 6, 105.283, 20),
(10, 13, 9, 1, 105.209, 21),
(3, 13, 10, 3, 105.182, 22),
(600, 13, 11, 18, 105.122, 23),
(30, 13, 12, 24, 105.051, 19),
(77, 13, 13, 16, 105.032, 21),
(5, 13, 14, 4, 104.985, 23),
(55, 13, 15, 27, 104.812, 21),
(15, 13, 16, 15, 104.707, 19),
(11, 13, 17, 20, 104.642, 22),
(45, 13, 18, 8, 104.437, 18),
(28, 13, 19, 13, 104.293, 23),
(29, 13, 20, 22, 104.224, 19),
(20, 13, 21, 25, 104.046, 17),
(18, 13, 22, 17, 103.974, 15),
(6, 13, 23, 12, 103.883, 16),
(14, 13, 24, 19, 103.734, 16),
(12, 13, 25, 7, 103.011, 23),
(51, 13, 26, 23, 102.843, 22),
(78, 13, 27, 21, 102.797, 16),
(27, 14, 1, 11, 97.171, 85),
(28, 14, 2, 13, 97.156, 85),
(8, 14, 3, 6, 97.139, 85),
(26, 14, 4, 10, 97.052, 85),
(10, 14, 5, 1, 97.034, 85),
(12, 14, 6, 7, 96.698, 85),
(6, 14, 7, 12, 96.688, 85),
(11, 14, 8, 20, 96.674, 85),
(2, 14, 9, 5, 96.645, 85),
(3, 14, 10, 3, 96.504, 85),
(14, 14, 11, 19, 96.464, 85),
(15, 14, 12, 15, 96.451, 85),
(30, 14, 13, 24, 96.436, 85),
(45, 14, 14, 8, 96.428, 85),
(60, 14, 15, 28, 96.402, 85),
(29, 14, 16, 22, 96.241, 85),
(5, 14, 17, 4, 95.841, 84),
(51, 14, 18, 23, 95.63, 84),
(77, 14, 19, 16, 95.46, 84),
(18, 14, 20, 17, 95.094, 84),
(600, 14, 21, 18, 94.951, 84),
(7, 14, 22, 9, 96.628, 83),
(20, 14, 23, 25, 94.551, 83),
(55, 14, 24, 27, 93.362, 82),
(78, 14, 25, 21, 63.584, 52),
(21, 14, 26, 14, 93.364, 48),
(9, 14, 27, 2, 91.177, 37),
(3, 15, 1, 3, 124.211, 16),
(26, 15, 2, 10, 123.916, 17),
(12, 15, 3, 7, 123.77, 21),
(9, 15, 4, 2, 123.703, 17),
(8, 15, 5, 6, 123.583, 19),
(45, 15, 6, 8, 123.545, 22),
(2, 15, 7, 5, 123.475, 17),
(5, 15, 8, 4, 123.44, 15),
(60, 15, 9, 28, 123.385, 19),
(10, 15, 10, 1, 123.273, 22),
(7, 15, 11, 9, 123.126, 21),
(15, 15, 12, 15, 122.998, 19),
(21, 15, 13, 14, 122.85, 18),
(77, 15, 14, 16, 122.842, 21),
(18, 15, 15, 17, 122.83, 19),
(29, 15, 16, 22, 122.709, 17),
(11, 15, 17, 20, 122.708, 30),
(20, 15, 18, 25, 122.5, 20),
(28, 15, 19, 13, 122.478, 9),
(30, 15, 20, 24, 122.232, 18),
(6, 15, 21, 12, 122.142, 23),
(27, 15, 22, 11, 122.11, 20),
(600, 15, 23, 18, 121.937, 19),
(78, 15, 24, 21, 121.921, 26),
(51, 15, 25, 23, 121.844, 30),
(14, 15, 26, 19, 121.592, 16),
(55, 15, 27, 27, 121.116, 27),
(10, 16, 1, 1, 124.928, 20),
(2, 16, 2, 5, 124.486, 19),
(3, 16, 3, 3, 124.439, 19),
(9, 16, 4, 2, 124.308, 20),
(26, 16, 5, 10, 124.177, 20),
(28, 16, 6, 13, 124.053, 23),
(45, 16, 7, 8, 124.006, 18),
(7, 16, 8, 9, 123.988, 20),
(5, 16, 9, 4, 123.892, 21),
(8, 16, 10, 6, 123.831, 21),
(29, 16, 11, 22, 123.812, 20),
(27, 16, 12, 11, 123.705, 22),
(6, 16, 13, 12, 123.651, 19),
(77, 16, 14, 16, 123.637, 22),
(11, 16, 15, 20, 123.587, 23),
(15, 16, 16, 15, 123.514, 23),
(12, 16, 17, 7, 123.513, 22),
(18, 16, 18, 17, 123.318, 20),
(60, 16, 19, 28, 123.314, 23),
(21, 16, 20, 14, 123.251, 19),
(30, 16, 21, 24, 123.124, 21),
(600, 16, 22, 18, 122.972, 18),
(20, 16, 23, 25, 122.894, 21),
(51, 16, 24, 23, 122.65, 22),
(14, 16, 25, 19, 122.633, 15),
(55, 16, 26, 27, 122.118, 22),
(78, 16, 27, 21, 122.044, 22),
(28, 17, 1, 13, 125.76, 4),
(10, 17, 2, 1, 125.62, 5),
(5, 17, 3, 4, 125.572, 4),
(3, 17, 4, 3, 125.547, 4),
(9, 17, 5, 2, 125.317, 5),
(45, 17, 6, 8, 125.151, 3),
(2, 17, 7, 5, 125.53, 8),
(6, 17, 8, 12, 125.278, 8),
(21, 17, 9, 14, 125.223, 8),
(7, 17, 10, 9, 125.058, 7),
(12, 17, 11, 7, 124.738, 7),
(27, 17, 12, 11, 124.706, 7),
(8, 17, 13, 6, 125.605, 8),
(26, 17, 14, 10, 125.104, 8),
(77, 17, 15, 16, 125.333, 7),
(60, 17, 16, 28, 124.994, 7),
(18, 17, 17, 17, 125.104, 6),
(29, 17, 18, 22, 124.621, 7),
(15, 17, 19, 15, 124.98, 7),
(20, 17, 20, 25, 124.547, 7),
(600, 17, 21, 18, 124.941, 6),
(78, 17, 22, 21, 124.482, 7),
(51, 17, 23, 23, 124.338, 7),
(30, 17, 24, 24, 124.104, 8),
(55, 17, 25, 27, 123.706, 7),
(11, 17, 26, 20, 123.145, 8),
(14, 17, 27, 19, 36.134, 1),
(7, 18, 1, 9, 124.198, 22),
(26, 18, 2, 10, 123.967, 21),
(9, 18, 3, 2, 123.852, 24),
(27, 18, 4, 11, 123.633, 19),
(2, 18, 5, 5, 123.559, 24),
(15, 18, 6, 15, 123.454, 22),
(3, 18, 7, 3, 123.268, 23),
(10, 18, 8, 1, 123.207, 21),
(12, 18, 9, 7, 123.186, 25),
(60, 18, 10, 28, 123.046, 23),
(77, 18, 11, 16, 123.038, 23),
(30, 18, 12, 24, 123.011, 19),
(5, 18, 13, 4, 122.967, 25),
(51, 18, 14, 23, 122.944, 22),
(21, 18, 15, 14, 122.827, 25),
(8, 18, 16, 6, 122.615, 24),
(18, 18, 17, 17, 122.6, 23),
(600, 18, 18, 18, 122.452, 25),
(45, 18, 19, 8, 122.408, 18),
(11, 18, 20, 20, 122.328, 24),
(29, 18, 21, 22, 122.197, 24),
(78, 18, 22, 21, 122.073, 21),
(28, 18, 23, 13, 121.829, 24),
(20, 18, 24, 25, 121.583, 20),
(55, 18, 25, 27, 121.483, 23),
(6, 18, 26, 12, 121.342, 25),
(14, 18, 27, 19, 121.154, 21),
(3, 19, 1, 3, 115.019, 90),
(28, 19, 2, 13, 114.987, 90),
(12, 19, 3, 7, 114.961, 90),
(5, 19, 4, 4, 114.655, 90),
(10, 19, 5, 1, 114.648, 90),
(45, 19, 6, 8, 114.603, 90),
(9, 19, 7, 2, 114.589, 90),
(7, 19, 8, 9, 114.576, 90),
(6, 19, 9, 12, 114.568, 90),
(8, 19, 10, 6, 114.559, 90),
(11, 19, 11, 20, 114.514, 90),
(27, 19, 12, 11, 114.377, 90),
(77, 19, 13, 16, 114.27, 90),
(26, 19, 14, 10, 114.247, 90),
(2, 19, 15, 5, 114.213, 90),
(21, 19, 16, 14, 114.049, 90),
(15, 19, 17, 15, 114.025, 90),
(60, 19, 18, 28, 114.02, 90),
(18, 19, 19, 17, 114.002, 90),
(14, 19, 20, 19, 113.989, 90),
(600, 19, 21, 18, 113.962, 90),
(55, 19, 22, 27, 113.941, 90),
(29, 19, 23, 22, 113.908, 90),
(30, 19, 24, 24, 113.884, 90),
(20, 19, 25, 25, 113.866, 90),
(78, 19, 26, 21, 113.856, 90),
(51, 19, 27, 23, 115.204, 36),
(5, 20, 1, 4, 126.34, 16),
(45, 20, 2, 8, 126.339, 31),
(10, 20, 3, 1, 126.298, 22),
(3, 20, 4, 3, 126.252, 21),
(30, 20, 5, 24, 126.16, 20),
(6, 20, 6, 12, 125.947, 19),
(8, 20, 7, 6, 125.847, 18),
(12, 20, 9, 7, 125.525, 23),
(21, 20, 10, 14, 125.507, 21),
(11, 20, 11, 20, 125.475, 30),
(27, 20, 12, 11, 125.47, 21),
(15, 20, 13, 15, 125.432, 22),
(20, 20, 14, 25, 125.41, 23),
(2, 20, 15, 5, 125.312, 22),
(28, 20, 16, 13, 125.291, 24),
(7, 20, 17, 9, 125.181, 21),
(60, 20, 18, 28, 125.081, 24),
(18, 20, 19, 17, 125.019, 19),
(51, 20, 20, 23, 124.734, 26),
(77, 20, 21, 16, 124.707, 21),
(29, 20, 22, 22, 124.695, 25),
(600, 20, 23, 18, 124.542, 16),
(14, 20, 24, 19, 124.286, 19),
(55, 20, 25, 27, 124.071, 31),
(78, 20, 26, 21, 123.714, 27),
(26, 20, 27, 10, 2.069, 1),
(9, 20, 8, 2, 125.828, 21),
(10, 21, 1, 1, 125.545, 21),
(45, 21, 2, 8, 124.974, 17),
(5, 21, 3, 4, 124.969, 22),
(11, 21, 4, 20, 124.895, 20),
(30, 21, 5, 24, 124.892, 15),
(2, 21, 6, 5, 124.868, 18),
(3, 21, 7, 3, 124.829, 23),
(12, 21, 8, 7, 124.722, 17),
(9, 21, 9, 2, 124.718, 21),
(8, 21, 10, 6, 124.717, 20),
(7, 21, 11, 9, 124.708, 20),
(6, 21, 12, 12, 124.692, 15),
(27, 21, 13, 11, 124.588, 14),
(15, 21, 14, 15, 124.512, 19),
(26, 21, 15, 10, 124.278, 18),
(60, 21, 16, 28, 124.196, 17),
(77, 21, 17, 16, 124.184, 19),
(21, 21, 18, 14, 124.179, 20),
(28, 21, 19, 13, 124.073, 18),
(20, 21, 20, 25, 124.012, 16),
(18, 21, 21, 17, 123.871, 20),
(29, 21, 22, 22, 123.749, 17),
(51, 21, 23, 23, 123.656, 19),
(78, 21, 24, 21, 123.61, 19),
(14, 21, 25, 19, 123.431, 16),
(55, 21, 26, 27, 123.221, 20),
(600, 21, 27, 18, 122.424, 7),
(45, 22, 1, 8, 126.643, 4),
(6, 22, 2, 12, 126.638, 3),
(10, 22, 3, 1, 126.559, 3),
(30, 22, 4, 24, 126.479, 4),
(5, 22, 5, 4, 126.26, 3),
(27, 22, 6, 11, 126.102, 2),
(8, 22, 7, 6, 126.442, 6),
(15, 22, 8, 15, 126.389, 6),
(9, 22, 9, 2, 126.381, 6),
(7, 22, 10, 9, 126.251, 6),
(11, 22, 11, 20, 126.128, 6),
(12, 22, 12, 7, 125.1, 6),
(2, 22, 13, 5, 125.721, 6),
(26, 22, 14, 10, 125.726, 6),
(29, 22, 15, 22, 125.672, 7),
(3, 22, 16, 3, 125.452, 7),
(21, 22, 17, 14, 125.502, 5),
(28, 22, 18, 13, 125.301, 8),
(60, 22, 19, 28, 124.966, 7),
(18, 22, 20, 17, 124.977, 6),
(20, 22, 21, 25, 124.958, 6),
(51, 22, 22, 23, 124.944, 6),
(55, 22, 23, 27, 124.513, 6),
(77, 22, 24, 16, 124.913, 6),
(78, 22, 25, 21, 124.47, 6),
(600, 22, 26, 18, 124.809, 3),
(14, 22, 27, 19, 124.39, 4),
(8, 23, 1, 6, 124.744, 20),
(7, 23, 2, 9, 124.694, 20),
(26, 23, 3, 10, 124.253, 15),
(27, 23, 4, 11, 124.135, 17),
(9, 23, 5, 2, 123.993, 20),
(15, 23, 6, 15, 123.97, 21),
(3, 23, 7, 3, 123.917, 22),
(11, 23, 8, 20, 123.772, 22),
(2, 23, 9, 5, 123.74, 21),
(60, 23, 10, 28, 123.622, 20),
(5, 23, 11, 4, 123.581, 19),
(77, 23, 12, 16, 123.501, 20),
(45, 23, 13, 8, 123.45, 22),
(10, 23, 14, 1, 123.406, 18),
(30, 23, 15, 24, 123.198, 22),
(12, 23, 16, 7, 123.019, 22),
(14, 23, 17, 19, 123.01, 17),
(55, 23, 18, 27, 122.859, 20),
(6, 23, 19, 12, 122.805, 19),
(29, 23, 20, 22, 122.749, 19),
(600, 23, 21, 18, 122.7, 19),
(28, 23, 22, 13, 122.547, 16),
(78, 23, 23, 21, 122.533, 17),
(20, 23, 24, 25, 122.485, 16),
(18, 23, 25, 17, 122.422, 22),
(51, 23, 26, 23, 122.416, 22),
(21, 23, 27, 14, 121.574, 17),
(10, 24, 1, 1, 115.234, 85),
(5, 24, 2, 4, 114.936, 85),
(7, 24, 3, 9, 114.912, 85),
(45, 24, 4, 8, 114.817, 85),
(6, 24, 5, 12, 114.81, 85),
(9, 24, 6, 2, 114.781, 85),
(2, 24, 7, 5, 114.767, 85),
(8, 24, 8, 6, 114.67, 85),
(26, 24, 9, 10, 114.554, 85),
(15, 24, 10, 15, 114.371, 85),
(28, 24, 11, 13, 114.306, 85),
(12, 24, 12, 7, 114.18, 85),
(21, 24, 13, 14, 114.053, 85),
(27, 24, 14, 11, 114.033, 85),
(11, 24, 15, 20, 113.9, 85),
(3, 24, 16, 3, 113.765, 85),
(29, 24, 17, 22, 113.794, 84),
(77, 24, 18, 16, 113.594, 84),
(20, 24, 19, 25, 113.564, 84),
(30, 24, 20, 24, 113.542, 84),
(78, 24, 21, 21, 113.489, 84),
(600, 24, 22, 18, 113.477, 84),
(14, 24, 23, 19, 107.531, 80),
(55, 24, 24, 27, 106.899, 79),
(60, 24, 25, 28, 112.063, 58),
(18, 24, 26, 17, 20.321, 2),
(51, 24, 27, 23, 108.119, 1),
(11, 25, 1, 29, 229.439, 92),
(9, 25, 2, 2, 229.174, 93),
(14, 25, 3, 19, 228.977, 79),
(10, 25, 4, 1, 228.72, 108),
(3, 25, 5, 3, 228.473, 136),
(26, 25, 6, 10, 228.057, 115),
(8, 25, 7, 6, 227.701, 110),
(23, 25, 8, 26, 227.619, 81),
(2, 25, 9, 5, 227.463, 111),
(98, 25, 10, 35, 226.982, 74),
(30, 25, 11, 24, 226.895, 78),
(12, 25, 12, 7, 226.866, 118),
(15, 25, 13, 15, 226.716, 79),
(20, 25, 14, 25, 226.51, 123),
(24, 25, 15, 38, 226.285, 109),
(18, 25, 16, 17, 226.141, 110),
(60, 25, 17, 28, 226.137, 107),
(21, 25, 18, 14, 225.833, 151),
(7, 25, 19, 9, 225.604, 142),
(5, 25, 20, 4, 225.507, 122),
(55, 25, 21, 27, 225.48, 114),
(78, 25, 22, 21, 225.427, 97),
(66, 25, 23, 32, 225.266, 81),
(600, 25, 24, 18, 225.154, 84),
(27, 25, 25, 11, 224.888, 108),
(51, 25, 26, 23, 224.809, 103),
(6, 25, 27, 12, 224.756, 98),
(33, 25, 28, 30, 224.739, 123),
(29, 25, 29, 22, 224.563, 110),
(28, 25, 30, 13, 224.55, 105),
(44, 25, 31, 37, 224.461, 68),
(45, 25, 32, 8, 224.3, 112),
(50, 25, 33, 36, 224.017, 29),
(77, 25, 34, 16, 223.409, 80),
(8, 26, 1, 6, 229.607, 87),
(9, 26, 2, 2, 229.186, 84),
(60, 26, 3, 28, 228.681, 104),
(12, 26, 4, 7, 228.577, 85),
(26, 26, 5, 10, 228.24, 103),
(20, 26, 6, 25, 228.215, 105),
(11, 26, 7, 29, 227.818, 98),
(5, 26, 8, 4, 227.734, 92),
(10, 26, 9, 1, 227.718, 83),
(7, 26, 10, 9, 227.713, 164),
(14, 26, 11, 19, 227.525, 57),
(15, 26, 12, 15, 226.973, 82),
(66, 26, 13, 32, 226.82, 47),
(27, 26, 14, 11, 226.692, 94),
(78, 26, 15, 21, 226.648, 84),
(6, 26, 16, 12, 226.592, 153),
(98, 26, 17, 35, 226.564, 74),
(600, 26, 18, 18, 226.497, 120),
(51, 26, 19, 23, 226.408, 102),
(2, 26, 20, 5, 226.013, 90),
(30, 26, 21, 24, 225.971, 86),
(23, 26, 22, 26, 225.951, 54),
(18, 26, 23, 17, 225.938, 164),
(3, 26, 24, 3, 225.905, 105),
(28, 26, 25, 13, 225.885, 123),
(55, 26, 26, 27, 225.432, 63),
(45, 26, 27, 8, 225.17, 89),
(50, 26, 28, 36, 225.112, 68),
(29, 26, 29, 22, 225.049, 52),
(21, 26, 30, 14, 225.028, 128),
(33, 26, 31, 30, 224.906, 112),
(77, 26, 32, 16, 224.727, 71),
(24, 26, 33, 38, 224.673, 53),
(44, 26, 34, 37, 223.934, 83),
(11, 27, 1, 29, 234.753, 18),
(98, 27, 2, 35, 234.202, 32),
(21, 27, 3, 14, 234.171, 15),
(8, 27, 4, 6, 234.029, 20),
(5, 27, 5, 4, 233.796, 26),
(2, 27, 6, 5, 233.767, 20),
(14, 27, 7, 19, 233.758, 32),
(27, 27, 8, 11, 233.608, 33),
(26, 27, 9, 10, 233.555, 27),
(9, 27, 10, 2, 233.506, 17),
(6, 27, 11, 12, 233.458, 26),
(12, 27, 12, 7, 233.394, 22),
(3, 27, 13, 3, 233.347, 21),
(10, 27, 14, 1, 233.268, 17),
(55, 27, 15, 27, 233.197, 14),
(7, 27, 16, 9, 233.134, 42),
(66, 27, 17, 32, 233.097, 29),
(20, 27, 18, 25, 232.987, 28),
(28, 27, 19, 13, 232.942, 14),
(78, 27, 20, 21, 232.92, 37),
(33, 27, 21, 30, 232.916, 19),
(23, 27, 22, 26, 232.861, 26),
(60, 27, 23, 28, 232.595, 33),
(24, 27, 24, 38, 232.57, 28),
(18, 27, 25, 17, 232.366, 20),
(29, 27, 26, 22, 232.323, 29),
(600, 27, 27, 18, 232.138, 45),
(51, 27, 28, 23, 231.699, 21),
(44, 27, 29, 37, 231.42, 40),
(50, 27, 30, 36, 231.242, 32),
(30, 27, 31, 24, 231.166, 35),
(45, 27, 32, 8, 231.153, 45),
(15, 27, 33, 15, 230.669, 50),
(77, 27, 34, 16, 228.942, 7),
(66, 28, 1, 32, 233.026, 8),
(7, 28, 2, 9, 232.904, 9),
(10, 28, 3, 1, 232.823, 14),
(27, 28, 4, 11, 232.615, 16),
(9, 28, 5, 2, 232.47, 19),
(26, 28, 6, 10, 232.355, 15),
(20, 28, 7, 25, 231.438, 9),
(29, 28, 8, 22, 230.653, 7),
(77, 28, 9, 16, 230.126, 14),
(30, 28, 10, 24, 229.363, 8),
(8, 30, 1, 6, 235.692, 11),
(10, 30, 2, 1, 235.609, 7),
(11, 30, 3, 29, 235.121, 14),
(55, 30, 4, 27, 235.026, 7),
(14, 30, 5, 19, 234.972, 7),
(9, 30, 6, 2, 234.958, 3),
(5, 30, 7, 4, 234.826, 7),
(21, 30, 8, 14, 234.801, 6),
(7, 30, 9, 9, 234.227, 10),
(12, 30, 10, 7, 233.937, 7),
(6, 30, 11, 12, 233.733, 9),
(45, 30, 12, 8, 231.075, 16),
(15, 30, 13, 15, 230.623, 16),
(51, 30, 14, 23, 230.538, 16),
(30, 30, 15, 24, 230.423, 18),
(6, 31, 1, 12, 234.081, 4),
(14, 31, 2, 19, 233.911, 4),
(21, 31, 3, 14, 233.801, 4),
(10, 31, 4, 1, 233.779, 4),
(9, 31, 5, 2, 233.43, 4),
(5, 31, 6, 4, 233.229, 4),
(7, 31, 7, 9, 233.11, 4),
(11, 31, 8, 29, 233.098, 4),
(66, 31, 9, 32, 233.076, 4),
(8, 31, 10, 6, 232.889, 4),
(55, 31, 11, 27, 232.671, 4),
(12, 31, 12, 7, 232.635, 4),
(45, 32, 1, 8, 229.649, 4),
(51, 32, 2, 23, 229.549, 4),
(30, 32, 3, 24, 229.166, 4),
(15, 32, 4, 15, 229.159, 4),
(10, 33, 1, 1, 234.217, 4),
(21, 33, 2, 14, 234.211, 4),
(6, 33, 3, 12, 234.114, 4),
(14, 33, 4, 19, 233.661, 4),
(5, 33, 5, 4, 233.158, 4),
(9, 33, 6, 2, 233.151, 4),
(12, 34, 1, 7, 229.222, 88),
(9, 34, 2, 2, 229.184, 67),
(11, 34, 3, 29, 228.382, 58),
(10, 34, 4, 1, 227.392, 53),
(66, 34, 5, 32, 227.094, 50),
(20, 34, 6, 25, 227.093, 57),
(98, 34, 7, 35, 226.632, 53),
(55, 34, 8, 27, 226.302, 53),
(5, 34, 9, 4, 226.263, 66),
(26, 34, 10, 10, 225.943, 61),
(23, 34, 11, 26, 225.858, 66),
(3, 34, 12, 3, 225.787, 77),
(8, 34, 13, 6, 225.688, 65),
(27, 34, 14, 11, 225.404, 66),
(33, 34, 15, 30, 225.345, 44),
(78, 34, 16, 21, 225.266, 75),
(45, 34, 17, 8, 225.168, 90),
(18, 34, 18, 17, 225.032, 25),
(60, 34, 19, 28, 224.984, 65),
(7, 34, 20, 9, 224.974, 82),
(51, 34, 21, 23, 224.717, 60),
(28, 34, 22, 13, 224.565, 60),
(24, 34, 23, 38, 224.311, 57),
(2, 34, 24, 5, 224.296, 81),
(50, 34, 25, 36, 224.286, 61),
(30, 34, 26, 24, 223.91, 50),
(600, 34, 27, 18, 223.85, 63),
(29, 34, 28, 22, 223.434, 70),
(44, 34, 29, 37, 223.018, 35),
(6, 34, 30, 12, 222.997, 67),
(14, 34, 31, 19, 222.868, 60),
(77, 34, 32, 16, 221.989, 53),
(21, 34, 33, 14, 219.412, 27),
(11, 35, 1, 29, 227.855, 86),
(9, 35, 2, 2, 227.285, 83),
(12, 35, 3, 7, 226.953, 82),
(10, 35, 4, 1, 226.945, 83),
(27, 35, 5, 11, 226.872, 57),
(78, 35, 6, 21, 226.532, 74),
(26, 35, 7, 10, 226.3, 76),
(28, 35, 8, 13, 226.286, 43),
(2, 35, 9, 5, 225.766, 89),
(3, 35, 10, 3, 225.565, 81),
(66, 35, 11, 32, 225.44, 59),
(20, 35, 12, 25, 225.378, 77),
(30, 35, 13, 24, 225.251, 58),
(7, 35, 14, 9, 225.233, 71),
(5, 35, 15, 4, 225.114, 84),
(18, 35, 16, 17, 225.019, 89),
(55, 35, 17, 27, 224.905, 82),
(8, 35, 18, 6, 224.751, 87),
(98, 35, 19, 35, 224.702, 56),
(600, 35, 20, 18, 224.659, 87),
(33, 35, 21, 30, 224.627, 73),
(23, 35, 22, 26, 224.519, 34),
(51, 35, 23, 23, 224.158, 64),
(60, 35, 24, 28, 224.094, 81),
(45, 35, 25, 8, 223.996, 61),
(29, 35, 26, 22, 223.838, 78),
(50, 35, 27, 36, 223.814, 63),
(6, 35, 28, 12, 223.783, 57),
(44, 35, 29, 37, 223.562, 35),
(24, 35, 30, 15, 223.491, 77),
(14, 35, 31, 19, 223.444, 73),
(77, 35, 32, 16, 222.265, 66),
(21, 35, 33, 14, 222.166, 89),
(2, 36, 1, 5, 168.193, 200),
(8, 36, 2, 6, 168.192, 200),
(14, 36, 3, 19, 168.185, 200),
(10, 36, 4, 1, 168.181, 200),
(7, 36, 5, 9, 168.178, 200),
(9, 36, 6, 2, 168.171, 200),
(11, 36, 7, 29, 168.169, 200),
(20, 36, 8, 25, 168.164, 200),
(26, 36, 9, 10, 168.159, 200),
(21, 36, 10, 14, 168.142, 200),
(23, 36, 11, 26, 168.14, 200),
(77, 36, 12, 16, 168.13, 200),
(29, 36, 13, 22, 168.119, 200),
(3, 36, 14, 3, 168.115, 200),
(600, 36, 15, 18, 168.108, 200),
(66, 36, 16, 32, 168.104, 200),
(98, 36, 17, 35, 168.052, 200),
(30, 36, 18, 24, 167.221, 199),
(45, 36, 19, 8, 166.375, 198),
(33, 36, 20, 30, 168.853, 197),
(55, 36, 21, 27, 170.592, 196),
(24, 36, 22, 15, 169.783, 195),
(12, 36, 23, 7, 163.803, 195),
(5, 36, 24, 4, 173.998, 192),
(60, 36, 25, 28, 173.975, 192),
(78, 36, 26, 21, 173.97, 192),
(6, 36, 27, 12, 193.292, 183),
(27, 36, 28, 11, 193.255, 183),
(18, 36, 29, 17, 184.557, 160),
(28, 36, 30, 13, 197.864, 149),
(51, 36, 31, 23, 210.877, 90),
(50, 36, 32, 36, 187.049, 75),
(44, 36, 33, 37, 132.024, 41),
(5, 37, 1, 4, 93.885, 33),
(9, 37, 2, 2, 93.738, 33),
(27, 37, 3, 11, 93.239, 31),
(10, 37, 4, 1, 93.056, 34),
(6, 37, 5, 12, 92.977, 27),
(7, 37, 6, 9, 92.927, 30),
(12, 37, 7, 7, 92.903, 42),
(26, 37, 8, 10, 92.888, 30),
(77, 37, 9, 16, 92.824, 31),
(3, 37, 10, 3, 92.601, 34),
(8, 37, 11, 6, 92.375, 35),
(45, 37, 12, 8, 92.246, 39),
(60, 37, 13, 28, 92.203, 34),
(11, 37, 14, 20, 92.08, 42),
(2, 37, 15, 5, 91.903, 30),
(15, 37, 16, 15, 91.843, 34),
(29, 37, 17, 22, 91.635, 34),
(30, 37, 18, 24, 91.562, 31),
(18, 37, 19, 17, 91.432, 29),
(21, 37, 20, 14, 91.417, 43),
(51, 37, 21, 23, 91.369, 39),
(20, 37, 22, 25, 91.278, 31),
(28, 37, 23, 13, 90.381, 34),
(78, 37, 24, 21, 90.212, 17),
(14, 37, 25, 19, 89.718, 28),
(600, 37, 26, 18, 89.634, 17),
(55, 37, 27, 27, 87.471, 38),
(9, 38, 1, 2, 93.656, 24),
(12, 38, 2, 7, 93.315, 27),
(27, 38, 3, 11, 93.163, 29),
(10, 38, 4, 1, 92.943, 24),
(3, 38, 5, 3, 92.943, 33),
(28, 38, 6, 13, 92.93, 24),
(5, 38, 7, 4, 92.86, 23),
(11, 38, 8, 20, 92.806, 31),
(77, 38, 9, 16, 92.487, 25),
(60, 38, 10, 28, 92.474, 27),
(78, 38, 11, 21, 92.323, 26),
(18, 38, 12, 17, 92.264, 23),
(21, 38, 13, 14, 92.132, 27),
(7, 38, 14, 9, 91.854, 25),
(45, 38, 15, 8, 91.612, 28),
(29, 38, 16, 22, 91.51, 19),
(15, 38, 17, 15, 91.43, 27),
(600, 38, 18, 18, 91.386, 28),
(8, 38, 19, 6, 91.303, 22),
(55, 38, 20, 27, 91.206, 26),
(2, 38, 21, 5, 91.2, 22),
(6, 38, 22, 12, 91.165, 26),
(14, 38, 23, 19, 90.947, 26),
(30, 38, 24, 24, 90.858, 29),
(51, 38, 25, 23, 90.653, 24),
(20, 38, 26, 25, 90.495, 26),
(26, 38, 27, 10, 88.891, 20),
(10, 39, 1, 1, 95.734, 5),
(3, 39, 2, 3, 95.271, 5),
(28, 39, 3, 13, 95.072, 5),
(9, 39, 4, 2, 94.862, 4),
(2, 39, 5, 5, 94.718, 4),
(8, 39, 6, 6, 94.573, 5),
(12, 39, 7, 7, 95.237, 9),
(60, 39, 8, 28, 95.23, 8),
(6, 39, 9, 12, 95.219, 9),
(5, 39, 10, 4, 95.123, 8),
(11, 39, 11, 20, 95.063, 6),
(27, 39, 12, 11, 91.661, 2),
(7, 39, 13, 9, 94.644, 8),
(21, 39, 14, 14, 95.223, 9),
(20, 39, 15, 25, 94.071, 8),
(77, 39, 16, 16, 95.111, 8),
(29, 39, 17, 22, 93.997, 7),
(45, 39, 18, 8, 94.526, 8),
(55, 39, 19, 27, 93.762, 8),
(78, 39, 20, 21, 94.139, 8),
(18, 39, 21, 17, 93.684, 6),
(14, 39, 22, 19, 94.061, 6),
(600, 39, 23, 18, 93.425, 8),
(26, 39, 24, 10, 93.383, 3),
(30, 39, 25, 24, 92.861, 9),
(51, 39, 26, 23, 92.895, 7),
(15, 39, 27, 15, 92.725, 7),
(60, 40, 1, 28, 94.962, 21),
(77, 40, 2, 16, 94.78, 25),
(11, 40, 3, 20, 94.622, 21),
(9, 40, 4, 2, 94.421, 21),
(2, 40, 5, 5, 94.268, 20),
(5, 40, 6, 4, 94.129, 25),
(10, 40, 7, 1, 94.048, 21),
(18, 40, 8, 17, 93.918, 25),
(26, 40, 9, 10, 93.914, 21),
(21, 40, 10, 14, 93.817, 21),
(6, 40, 11, 12, 93.763, 22),
(7, 40, 12, 9, 93.484, 23),
(27, 40, 13, 11, 93.467, 19),
(14, 40, 14, 19, 93.332, 19),
(12, 40, 15, 7, 92.912, 25),
(3, 40, 16, 3, 92.743, 25),
(51, 40, 17, 23, 92.695, 22),
(15, 40, 18, 15, 92.668, 23),
(28, 40, 19, 13, 92.664, 23),
(8, 40, 20, 6, 92.485, 20),
(78, 40, 21, 21, 92.23, 19),
(29, 40, 22, 22, 92.109, 23),
(55, 40, 23, 27, 91.853, 22),
(600, 40, 24, 18, 91.549, 19),
(45, 40, 25, 8, 91.482, 20),
(20, 40, 26, 25, 91.415, 20),
(30, 40, 27, 24, 91.212, 18),
(10, 41, 1, 1, 80.922, 100),
(12, 41, 2, 7, 80.909, 100),
(6, 41, 3, 12, 80.857, 100),
(9, 41, 4, 2, 80.839, 100),
(7, 41, 5, 9, 80.812, 100),
(27, 41, 6, 11, 80.806, 100),
(3, 41, 7, 3, 80.802, 100),
(11, 41, 8, 20, 80.794, 100),
(8, 41, 9, 6, 80.779, 100),
(2, 41, 10, 5, 80.768, 100),
(26, 41, 11, 10, 80.728, 100),
(29, 41, 12, 22, 80.708, 100),
(60, 41, 13, 28, 80.706, 100),
(78, 41, 14, 21, 80.686, 100),
(20, 41, 15, 25, 80.682, 100),
(45, 41, 16, 8, 80.679, 100),
(30, 41, 17, 24, 80.668, 100),
(21, 41, 18, 14, 80.66, 100),
(600, 41, 19, 18, 80.651, 100),
(55, 41, 20, 27, 78.221, 97),
(14, 41, 21, 19, 78.214, 97),
(51, 41, 22, 23, 78.197, 97),
(18, 41, 23, 17, 82.006, 85),
(28, 41, 24, 13, 83.133, 80),
(15, 41, 25, 15, 82.474, 50),
(5, 41, 26, 4, 75.56, 41),
(77, 41, 27, 16, 57.802, 1),
(7, 42, 1, 9, 141.978, 14),
(18, 42, 2, 17, 141.858, 16),
(10, 42, 3, 1, 141.742, 16),
(9, 42, 4, 2, 141.734, 18),
(5, 42, 5, 4, 141.701, 15),
(8, 42, 6, 6, 141.611, 14),
(45, 42, 7, 8, 141.596, 18),
(6, 42, 8, 12, 141.583, 15),
(26, 42, 9, 10, 141.561, 13),
(11, 42, 10, 20, 141.373, 21),
(15, 42, 11, 15, 141.154, 17),
(29, 42, 12, 22, 141.066, 14),
(14, 42, 13, 19, 141.024, 17),
(51, 42, 14, 23, 140.966, 22),
(3, 42, 15, 3, 140.87, 14),
(2, 42, 16, 5, 140.84, 12),
(12, 42, 17, 7, 140.653, 15),
(28, 42, 18, 13, 140.511, 15),
(27, 42, 19, 11, 140.462, 13),
(600, 42, 20, 18, 140.254, 18),
(78, 42, 21, 21, 140.203, 17),
(20, 42, 22, 26, 140.109, 17),
(30, 42, 23, 24, 140.063, 18),
(55, 42, 24, 27, 140.018, 24),
(77, 42, 25, 16, 139.973, 14),
(21, 42, 26, 14, 139.799, 17),
(60, 42, 27, 28, 139.74, 15),
(7, 43, 1, 9, 143.199, 14),
(26, 43, 2, 10, 142.991, 12),
(6, 43, 3, 12, 142.71, 13),
(18, 43, 4, 17, 142.648, 15),
(11, 43, 5, 20, 142.581, 15),
(14, 43, 6, 19, 142.574, 14),
(5, 43, 7, 4, 142.541, 11),
(27, 43, 8, 11, 142.529, 9),
(3, 43, 9, 3, 142.44, 14),
(21, 43, 10, 14, 142.436, 16),
(45, 43, 11, 8, 142.273, 15),
(2, 43, 12, 5, 142.075, 13),
(30, 43, 13, 24, 141.772, 15),
(55, 43, 14, 27, 141.648, 17),
(15, 43, 15, 15, 141.57, 15),
(29, 43, 16, 22, 141.551, 15),
(600, 43, 17, 18, 141.411, 14),
(77, 43, 18, 16, 141.409, 13),
(20, 43, 19, 26, 141.282, 15),
(51, 43, 20, 23, 141.258, 14),
(60, 43, 21, 28, 141.192, 17),
(28, 43, 22, 13, 140.911, 15),
(8, 43, 23, 6, 140.434, 13),
(78, 43, 24, 21, 140.288, 16),
(12, 43, 25, 7, 139.345, 5),
(9, 43, 26, 2, 139.183, 3),
(10, 43, 27, 1, 135.975, 2),
(26, 44, 1, 10, 144.223, 4),
(5, 44, 2, 4, 143.979, 4),
(10, 44, 3, 1, 143.795, 4),
(2, 44, 4, 5, 143.14, 5),
(7, 44, 5, 9, 142.811, 5),
(27, 44, 6, 11, 0, 0),
(45, 44, 7, 8, 143.005, 6),
(11, 44, 8, 20, 142.828, 7),
(8, 44, 9, 6, 142.762, 6),
(55, 44, 10, 27, 142.37, 6),
(14, 44, 11, 19, 142.184, 6),
(29, 44, 12, 22, 141.91, 5),
(18, 44, 13, 17, 142.34, 7),
(15, 44, 14, 15, 142.352, 8),
(21, 44, 15, 14, 142.03, 6),
(6, 44, 16, 12, 142.253, 8),
(77, 44, 17, 16, 141.948, 6),
(3, 44, 18, 3, 142.088, 7),
(28, 44, 19, 13, 141.875, 7),
(60, 44, 20, 28, 142.053, 8),
(78, 44, 21, 21, 141.775, 6),
(12, 44, 22, 7, 141.771, 7),
(9, 44, 23, 2, 141.29, 7),
(30, 44, 24, 24, 141.764, 7),
(51, 44, 25, 23, 140.724, 6),
(600, 44, 26, 18, 141.615, 7),
(20, 44, 27, 26, 138.714, 5),
(7, 45, 1, 9, 141.96, 13),
(9, 45, 2, 2, 141.938, 13),
(12, 45, 3, 7, 141.626, 13),
(5, 45, 4, 4, 141.607, 14),
(27, 45, 5, 11, 141.361, 9),
(45, 45, 6, 8, 141.246, 12),
(30, 45, 7, 24, 141.175, 12),
(8, 45, 8, 6, 141.074, 12),
(21, 45, 9, 14, 140.995, 13),
(3, 45, 10, 3, 140.622, 12),
(51, 45, 11, 23, 140.574, 12),
(11, 45, 12, 20, 140.434, 12),
(60, 45, 13, 28, 140.421, 12),
(2, 45, 14, 5, 140.297, 14),
(78, 45, 15, 21, 140.153, 12),
(20, 45, 16, 26, 140.129, 11),
(10, 45, 17, 1, 139.977, 12),
(15, 45, 18, 15, 139.943, 13),
(28, 45, 19, 13, 139.801, 10),
(26, 45, 20, 10, 139.695, 13),
(29, 45, 21, 22, 139.406, 12),
(6, 45, 22, 12, 139.244, 14),
(18, 45, 23, 17, 139.213, 13),
(55, 45, 24, 27, 138.937, 12),
(600, 45, 25, 18, 138.78, 12),
(14, 45, 26, 19, 138.402, 13),
(77, 45, 27, 16, 137.728, 7),
(10, 46, 1, 1, 120.335, 55),
(2, 46, 2, 5, 120.252, 55),
(5, 46, 3, 4, 120.212, 55),
(9, 46, 4, 2, 120.208, 55),
(26, 46, 5, 10, 120.136, 55),
(8, 46, 6, 6, 120.125, 55),
(45, 46, 7, 8, 120.046, 55),
(3, 46, 8, 3, 120.039, 55),
(27, 46, 9, 11, 120.016, 55),
(7, 46, 10, 9, 119.978, 55),
(15, 46, 11, 15, 119.945, 55),
(21, 46, 12, 14, 119.934, 55),
(12, 46, 13, 7, 119.869, 55),
(60, 46, 14, 28, 119.765, 55),
(600, 46, 15, 18, 119.725, 55),
(14, 46, 16, 19, 119.713, 55),
(20, 46, 17, 26, 119.566, 55),
(77, 46, 18, 16, 119.557, 55),
(78, 46, 19, 21, 119.524, 55),
(6, 46, 20, 12, 119.447, 55),
(55, 46, 21, 27, 119.395, 55),
(51, 46, 22, 23, 119.079, 55),
(29, 46, 23, 22, 118.83, 55),
(11, 46, 24, 20, 117.947, 54),
(28, 46, 25, 13, 116.821, 54),
(30, 46, 26, 24, 116.634, 54),
(18, 46, 27, 17, 110.992, 24),
(5, 47, 1, 4, 122.25, 25),
(10, 47, 2, 1, 121.587, 23),
(8, 47, 3, 6, 121.365, 24),
(45, 47, 4, 8, 121.278, 27),
(27, 47, 5, 11, 121.277, 21),
(28, 47, 6, 13, 121.113, 22),
(2, 47, 7, 5, 121.072, 30),
(3, 47, 8, 3, 121.049, 24),
(7, 47, 9, 9, 120.973, 25),
(26, 47, 10, 10, 120.934, 20),
(30, 47, 11, 24, 120.843, 24),
(29, 47, 12, 22, 120.748, 21),
(6, 47, 13, 12, 120.74, 23),
(12, 47, 14, 7, 120.712, 28),
(9, 47, 15, 2, 120.556, 25),
(600, 47, 16, 18, 120.543, 23),
(21, 47, 17, 14, 120.496, 26),
(11, 47, 18, 20, 120.412, 29),
(15, 47, 19, 15, 120.234, 22),
(60, 47, 20, 28, 120.21, 23),
(20, 47, 21, 26, 120.023, 25),
(77, 47, 22, 16, 120.009, 23),
(78, 47, 23, 21, 119.827, 32),
(18, 47, 24, 17, 119.755, 10),
(14, 47, 25, 19, 119.418, 23),
(51, 47, 26, 23, 118.916, 26),
(55, 47, 27, 27, 117.837, 32),
(6, 29, 1, 12, 233.947, 4),
(7, 29, 2, 9, 233.528, 4),
(10, 29, 3, 1, 233.398, 4),
(21, 29, 4, 14, 233.395, 4),
(9, 29, 5, 2, 233.375, 4),
(66, 29, 6, 32, 233.347, 4),
(11, 29, 7, 29, 233.322, 4),
(5, 29, 8, 4, 233.252, 4),
(14, 29, 9, 19, 233.147, 4),
(8, 29, 10, 6, 233.03, 4),
(55, 29, 11, 27, 232.739, 4),
(12, 29, 12, 7, 232.719, 4),
(33, 29, 13, 30, 232.689, 4),
(3, 29, 14, 3, 232.677, 4),
(27, 29, 15, 11, 232.662, 4),
(20, 29, 16, 25, 232.433, 4),
(2, 29, 17, 5, 232.402, 4),
(23, 29, 18, 26, 232.133, 4),
(28, 29, 19, 13, 231.997, 4),
(600, 29, 20, 18, 231.954, 4),
(26, 29, 21, 10, 231.951, 4),
(60, 29, 22, 28, 231.878, 4),
(18, 29, 23, 17, 231.769, 4),
(98, 29, 24, 35, 231.682, 4),
(24, 29, 25, 38, 231.648, 4),
(29, 29, 26, 22, 231.353, 4),
(78, 29, 27, 21, 231.32, 4),
(77, 29, 28, 16, 231.182, 4),
(50, 29, 29, 36, 231.129, 4),
(44, 29, 30, 37, 231.07, 4),
(45, 29, 31, 8, 231.056, 4),
(51, 29, 32, 23, 230.74, 4),
(30, 29, 33, 24, 230.098, 4),
(15, 29, 34, 15, 229.999, 4),
(12, 48, 1, 7, 122.255, 22),
(10, 48, 2, 1, 121.796, 21),
(26, 48, 3, 10, 121.727, 24),
(5, 48, 4, 4, 121.698, 18),
(9, 48, 5, 2, 121.636, 24),
(3, 48, 6, 3, 121.561, 23),
(15, 48, 7, 15, 121.528, 19),
(18, 48, 8, 17, 121.526, 25),
(27, 48, 9, 11, 121.513, 23),
(6, 48, 10, 12, 121.382, 22),
(45, 48, 11, 8, 121.3, 21),
(7, 48, 12, 9, 121.181, 21),
(28, 48, 13, 13, 121.139, 24),
(30, 48, 14, 24, 121.105, 20),
(11, 48, 15, 20, 121.093, 24),
(600, 48, 16, 18, 121.052, 17),
(21, 48, 17, 14, 120.938, 20),
(2, 48, 18, 5, 120.86, 22),
(29, 48, 19, 22, 120.859, 24),
(20, 48, 20, 26, 120.62, 19),
(14, 48, 21, 19, 120.454, 16),
(8, 48, 22, 6, 120.213, 21),
(77, 48, 23, 16, 120.02, 25),
(78, 48, 24, 21, 119.821, 25),
(51, 48, 25, 23, 119.508, 22),
(55, 48, 26, 27, 118.092, 24),
(60, 48, 27, 28, 115.019, 3),
(26, 49, 1, 10, 122.589, 5),
(15, 49, 2, 15, 122.509, 4),
(27, 49, 3, 11, 122.478, 4),
(10, 49, 4, 1, 122.391, 5),
(45, 49, 5, 8, 122.003, 5),
(9, 49, 6, 2, 121.456, 4),
(12, 49, 7, 7, 122.955, 7),
(3, 49, 8, 3, 122.805, 7),
(8, 49, 9, 6, 122.738, 8),
(6, 49, 10, 12, 122.707, 8),
(30, 49, 11, 24, 121.815, 8),
(18, 49, 12, 17, 121.762, 7),
(7, 49, 13, 9, 122.052, 8),
(28, 49, 14, 13, 122.816, 8),
(2, 49, 15, 5, 121.998, 8),
(21, 49, 16, 14, 122.626, 8),
(20, 49, 17, 26, 121.308, 9),
(11, 49, 18, 20, 122.622, 8),
(600, 49, 19, 18, 121.234, 7),
(77, 49, 20, 16, 122.516, 8),
(78, 49, 21, 21, 121.178, 8),
(51, 49, 22, 23, 122.209, 8),
(55, 49, 23, 27, 120.612, 9),
(29, 49, 24, 22, 122.084, 7),
(5, 49, 25, 4, 113.904, 4),
(14, 49, 26, 19, 120.819, 8),
(60, 49, 27, 28, 0, 0),
(15, 50, 1, 15, 118.798, 16),
(9, 50, 2, 2, 118.51, 20),
(18, 50, 3, 17, 118.429, 17),
(29, 50, 4, 22, 118.188, 18),
(8, 50, 5, 6, 117.931, 18),
(26, 50, 6, 10, 117.672, 16),
(7, 50, 7, 9, 117.611, 19),
(5, 50, 8, 4, 117.447, 20),
(51, 50, 9, 23, 117.271, 18),
(600, 50, 10, 18, 117.232, 19),
(11, 50, 11, 20, 117.229, 17),
(60, 50, 12, 25, 117.133, 14),
(77, 50, 13, 16, 116.817, 19),
(21, 50, 14, 14, 116.793, 18),
(30, 50, 15, 24, 116.614, 19),
(10, 50, 16, 1, 116.585, 20),
(45, 50, 17, 8, 116.551, 16),
(12, 50, 18, 7, 116.284, 12),
(14, 50, 19, 19, 115.897, 17),
(3, 50, 20, 3, 115.861, 17),
(28, 50, 21, 13, 115.652, 16),
(20, 50, 22, 26, 115.62, 17),
(78, 50, 23, 21, 115.545, 15),
(6, 50, 24, 12, 115.519, 20),
(2, 50, 25, 5, 115.451, 18),
(55, 50, 26, 27, 113.594, 13),
(27, 50, 27, 11, 75.431, 5);

--
-- Triggers `carSession`
--
DELIMITER $$
CREATE TRIGGER `fixHelioCar` BEFORE INSERT ON `carSession` FOR EACH ROW BEGIN
    IF NEW.driverIDNum = 18 AND NEW.carID = 6 THEN
        SET NEW.carID = 600;
    END IF;
END
$$
DELIMITER ;

-- --------------------------------------------------------

--
-- Table structure for table `course`
--

CREATE TABLE `course` (
  `courseID` int(11) NOT NULL,
  `trackID` int(11) NOT NULL,
  `type` varchar(7) NOT NULL,
  `miles` float NOT NULL,
  `turns` int(11) NOT NULL
) ENGINE=InnoDB DEFAULT CHARSET=utf8mb4 COLLATE=utf8mb4_general_ci;

--
-- Dumping data for table `course`
--

INSERT INTO `course` (`courseID`, `trackID`, `type`, `miles`, `turns`) VALUES
(1, 1, 'street', 1.8, 14),
(2, 2, 'oval', 1.5, 4),
(3, 3, 'street', 1.968, 11),
(4, 4, 'road', 2.3, 14),
(5, 5, 'road', 2.439, 14),
(6, 5, 'oval', 2.5, 4),
(7, 6, 'street', 1.645, 9),
(8, 7, 'road', 4.048, 14),
(9, 8, 'road', 2.258, 13),
(10, 9, 'street', 1.786, 11),
(11, 10, 'oval', 0.875, 4),
(12, 11, 'street', 2.17, 11),
(13, 12, 'oval', 1.25, 4),
(14, 13, 'road', 1.964, 12),
(15, 14, 'road', 2.238, 11);

-- --------------------------------------------------------

--
-- Table structure for table `driver`
--

CREATE TABLE `driver` (
  `driverID` int(11) NOT NULL,
  `firstName` varchar(40) NOT NULL,
  `lastName` varchar(40) NOT NULL,
  `races` int(11) NOT NULL,
  `wins` int(11) NOT NULL,
  `poles` int(11) NOT NULL,
  `indy500` int(11) NOT NULL,
  `champs` int(11) NOT NULL
) ENGINE=InnoDB DEFAULT CHARSET=utf8mb4 COLLATE=utf8mb4_general_ci;

--
-- Dumping data for table `driver`
--

INSERT INTO `driver` (`driverID`, `firstName`, `lastName`, `races`, `wins`, `poles`, `indy500`, `champs`) VALUES
(1, 'Alex', 'Palou', 64, 9, 3, 0, 2),
(2, 'Scott', 'Dixon', 385, 56, 28, 1, 6),
(3, 'Scott', 'McLaughlin', 51, 4, 5, 0, 0),
(4, 'Pato', 'O\'Ward', 72, 4, 5, 0, 0),
(5, 'Josef', 'Newgarden', 198, 29, 16, 1, 2),
(6, 'Marcus', 'Ericsson', 80, 4, 0, 1, 0),
(7, 'Will', 'Power', 285, 41, 70, 1, 2),
(8, 'Christian', 'Lundgaard', 35, 1, 2, 0, 0),
(9, 'Alexander', 'Rossi', 131, 8, 7, 1, 0),
(10, 'Colton', 'Herta', 82, 7, 11, 0, 0),
(11, 'Kyle', 'Kirkwood', 34, 2, 1, 0, 0),
(12, 'Felix', 'Rosenqvist', 79, 1, 5, 0, 0),
(13, 'Romain', 'Grosjean', 47, 0, 3, 0, 0),
(14, 'Rinus', 'VeeKay', 63, 1, 2, 0, 0),
(15, 'Graham', 'Rahal', 275, 6, 5, 0, 0),
(16, 'Callum', 'Ilott', 36, 0, 0, 0, 0),
(17, 'David', 'Malukas', 34, 0, 0, 0, 0),
(18, 'Helio', 'Castroneves', 391, 31, 50, 4, 0),
(19, 'Santino', 'Ferrucci', 60, 0, 0, 0, 0),
(20, 'Marcus', 'Armstrong', 12, 0, 0, 0, 0),
(21, 'Augustin', 'Canapino', 17, 0, 0, 0, 0),
(22, 'Devlin', 'DeFrancesco', 34, 0, 0, 0, 0),
(23, 'Sting Ray', 'Robb', 17, 0, 0, 0, 0),
(24, 'Jack', 'Harvey', 79, 0, 0, 0, 0),
(25, 'Conor', 'Daly', 108, 0, 1, 0, 0),
(26, 'Ryan', 'Hunter-Reay', 293, 18, 7, 1, 1),
(27, 'Benjamin', 'Pedersen', 17, 0, 0, 0, 0),
(28, 'Simon', 'Pagenaud', 207, 15, 13, 1, 1),
(29, 'Takuma', 'Sato', 220, 6, 10, 2, 0),
(30, 'Ed', 'Carpenter', 201, 3, 3, 0, 0),
(31, 'Linus', 'Lundqvist', 3, 0, 0, 0, 0),
(32, 'Tony', 'Kanaan', 389, 17, 15, 1, 1),
(33, 'Juri', 'Vips', 2, 0, 0, 0, 0),
(34, 'Tom', 'Blomqvist', 3, 0, 0, 0, 0),
(35, 'Marco', 'Andretti', 251, 2, 6, 0, 0),
(36, 'RC', 'Enerson', 6, 0, 0, 0, 0),
(37, 'Katherine', 'Legge', 40, 0, 0, 0, 0),
(38, 'Stefan', 'Wilson', 5, 0, 0, 0, 0);

-- --------------------------------------------------------

--
-- Table structure for table `driverCar`
--

CREATE TABLE `driverCar` (
  `driverIDNum` int(11) NOT NULL,
  `carIDNum` int(11) NOT NULL
) ENGINE=InnoDB DEFAULT CHARSET=utf8mb4 COLLATE=utf8mb4_general_ci;

--
-- Dumping data for table `driverCar`
--

INSERT INTO `driverCar` (`driverIDNum`, `carIDNum`) VALUES
(2, 9),
(10, 26),
(1, 10),
(11, 27),
(28, 60),
(14, 21),
(17, 18),
(7, 12),
(20, 11),
(3, 3),
(4, 5),
(16, 77),
(6, 8),
(13, 28),
(12, 6),
(22, 29),
(24, 45),
(18, 600),
(21, 78),
(19, 14),
(9, 7),
(5, 2),
(25, 20),
(23, 51),
(8, 30),
(15, 15),
(27, 55),
(30, 33),
(26, 20),
(29, 11),
(31, 60),
(32, 66),
(33, 45),
(34, 60),
(35, 98),
(36, 50),
(37, 44),
(25, 30),
(25, 60),
(26, 24);

-- --------------------------------------------------------

--
-- Stand-in structure for view `Easy Session Viewer`
-- (See below for the actual view)
--
CREATE TABLE `Easy Session Viewer` (
`sessionID` int(11)
,`position` int(11)
,`carID` int(11)
,`Name` varchar(81)
,`Speed` float
,`lapCount` int(11)
);

-- --------------------------------------------------------

--
-- Table structure for table `event`
--

CREATE TABLE `event` (
  `eventID` int(11) NOT NULL,
  `eventName` varchar(60) NOT NULL,
  `courseID` int(11) NOT NULL
) ENGINE=InnoDB DEFAULT CHARSET=utf8mb4 COLLATE=utf8mb4_general_ci;

--
-- Dumping data for table `event`
--

INSERT INTO `event` (`eventID`, `eventName`, `courseID`) VALUES
(1, 'Firestone Grand Prix of St. Petersburg', 1),
(2, 'PPG 375', 2),
(3, 'Acura Grand Prix of Long Beach', 3),
(4, 'Children of Alabama Indy Grand Prix', 4),
(5, 'GMR Grand Prix', 5),
(6, '107th Indianapolis 500 Presented by Gainbridge', 6),
(7, 'Chevrolet Detroit Grand Prix', 7),
(8, 'Sonsio Grand Prix at Road America', 8),
(9, 'Honda Indy 200 at Mid-Ohio', 9),
(10, 'Honda Indy Toronto', 10),
(11, 'HyVee Homefront 250', 11),
(12, 'HyVee Onestep 250', 11),
(13, 'Big Machine Music City Grand Prix', 12),
(14, 'Gallagher Grand Prix', 5),
(15, 'Bommarito Automotive Group 500', 13),
(16, 'Bitnile.com Grand Prix of Portland', 14),
(17, 'Firestone Grand Prix of Monterey', 15);

-- --------------------------------------------------------

--
-- Stand-in structure for view `Fastest Laps By Drivers`
-- (See below for the actual view)
--
CREATE TABLE `Fastest Laps By Drivers` (
`carID` int(11)
,`Driver Name` varchar(81)
,`Top Speed` float
);

-- --------------------------------------------------------

--
-- Stand-in structure for view `Fastest Laps By Session`
-- (See below for the actual view)
--
CREATE TABLE `Fastest Laps By Session` (
`id` int(11)
,`name` varchar(60)
,`Fastest MPH` float
);

-- --------------------------------------------------------

--
-- Stand-in structure for view `Race Overview`
-- (See below for the actual view)
--
CREATE TABLE `Race Overview` (
`eventID` int(11)
,`eventName` varchar(60)
,`Driver Name` varchar(81)
,`teamName` varchar(60)
,`Avg MPH` float
,`date` date
,`Temp` int(11)
,`Weather` varchar(60)
,`wind` varchar(7)
,`Air Press` float
);

-- --------------------------------------------------------

--
-- Table structure for table `session`
--

CREATE TABLE `session` (
  `sessionID` int(11) NOT NULL,
  `name` varchar(60) NOT NULL,
  `type` varchar(5) NOT NULL,
  `eventID` int(11) NOT NULL,
  `date` date NOT NULL,
  `temperature` int(11) NOT NULL,
  `weatherCondition` varchar(60) NOT NULL,
  `wind` varchar(7) NOT NULL,
  `ambPressure` float NOT NULL
) ENGINE=InnoDB DEFAULT CHARSET=utf8mb4 COLLATE=utf8mb4_general_ci;

--
-- Dumping data for table `session`
--

INSERT INTO `session` (`sessionID`, `name`, `type`, `eventID`, `date`, `temperature`, `weatherCondition`, `wind`, `ambPressure`) VALUES
(1, 'St Pete Practice 1', 'prac', 1, '2023-03-03', 81, 'Sunny', '011@279', 29.91),
(2, 'St Pete Practice 2', 'prac', 1, '2023-03-04', 78, 'Sunny', '008@267', 29.92),
(3, 'St Pete Qualifying', 'qual', 1, '2023-03-04', 82, 'Sunny', '009@261', 29.92),
(4, 'St Pete Practice 3', 'prac', 1, '2023-03-05', 75, 'Sunny', '012@289', 29.89),
(5, 'St Pete Race', 'race', 1, '2023-03-05', 82, 'Sunny', '011@287', 29.9),
(6, 'Texas Practice 1', 'prac', 2, '2023-04-01', 68, 'Partly Cloudy', '03@079', 29.95),
(7, 'Texas Qualifying', 'qual', 2, '2023-04-01', 71, 'Partly Cloudy', '04@083', 29.95),
(8, 'Texas Warmup', 'prac', 2, '2023-04-01', 75, 'Partly Sunny', '07@085', 29.96),
(9, 'Texas Race', 'race', 2, '2023-04-02', 69, 'Cloudy', '08@068', 30),
(10, 'Long Beach Practice 1', 'prac', 3, '2023-04-14', 62, 'Mostly Sunny', '06@052', 30.02),
(11, 'Long Beach Practice 2', 'prac', 3, '2023-04-15', 61, 'Mostly Sunny', '04@062', 29.99),
(12, 'Long Beach Qualifying', 'qual', 3, '2023-04-15', 70, 'Mostly Sunny', '06@061', 29.97),
(13, 'Long Beach Warmup', 'prac', 3, '2023-04-16', 60, 'Partly Cloudy', '04@062', 30.01),
(14, 'Long Beach Race', 'race', 3, '2023-04-16', 63, 'Partly Sunny', '09@066', 30.02),
(15, 'Barber Practice 1', 'prac', 4, '2023-04-28', 78, 'Sunny', '09@052', 30),
(16, 'Barber Practice 2', 'prac', 4, '2023-04-29', 68, 'Mostly Sunny', '04@058', 30.03),
(17, 'Barber Qualifying', 'qual', 4, '2023-04-29', 74, 'Sunny', '06@061', 29.99),
(18, 'Barber Warmup', 'prac', 4, '2023-04-30', 63, 'Mostly Sunny', '04@062', 30),
(19, 'Barber Race', 'race', 4, '2023-04-30', 70, 'Sunny', '07@068', 29.99),
(20, 'GMR Practice 1', 'prac', 5, '2023-05-12', 68, 'Mostly Sunny', '09@087', 29.98),
(21, 'GMR Practice 2', 'prac', 5, '2023-05-12', 72, 'Mostly Sunny', '03@094', 30),
(22, 'GMR Qualifying', 'qual', 5, '2023-05-12', 78, 'Sunny', '07@081', 30.01),
(23, 'GMR Warmup', 'prac', 5, '2023-05-13', 71, 'Partly Cloudy', '03@094', 29.98),
(24, 'GMR Race', 'race', 5, '2023-05-13', 82, 'Mostly Sunny', '03@089', 29.99),
(25, 'Indy 500 Practice 3', 'prac', 6, '2023-05-17', 72, 'Partly Sunny', '03@079', 29.98),
(26, 'Indy 500 Practice 4', 'prac', 6, '2023-05-18', 74, 'Mostly Sunny', '04@083', 29.97),
(27, 'Indy 500 Practice 5', 'prac', 6, '2023-05-19', 80, 'Mostly Sunny', '10@085', 29.98),
(28, 'Indy 500 Practice 6', 'prac', 6, '2023-05-20', 62, 'Partly Cloudy', '11@079', 30.03),
(29, 'Indy 500 Qual Day 1', 'qual', 6, '2023-05-20', 67, 'Mostly Cloudy', '12@076', 30.01),
(30, 'Indy 500 Practice 7', 'prac', 6, '2023-05-21', 73, 'Partly Sunny', '05@084', 29.99),
(31, 'Indy 500 Top 12 Qual', 'qual', 6, '2023-05-21', 76, 'Mostly Sunny', '07@089', 29.99),
(32, 'Indy 500 Last Row Qual', 'qual', 6, '2023-05-21', 78, 'Mostly Sunny', '06@087', 29.99),
(33, 'Indy 500 Fast 6 Qual', 'qual', 6, '2023-05-21', 78, 'Mostly Sunny', '03@085', 29.99),
(34, 'Indy 500 Practice 8', 'prac', 6, '2023-05-22', 80, 'Sunny', '00@000', 29.97),
(35, 'Indy 500 Final Practice', 'prac', 6, '2023-05-26', 74, 'Mostly Sunny', '12@092', 29.99),
(36, '107th Indianapolis 500', 'race', 6, '2023-05-28', 82, 'Mostly Sunny', '06@094', 29.98),
(37, 'Detroit Practice 1', 'prac', 7, '2023-06-02', 89, 'Sunny', '03@342', 30.01),
(38, 'Detroit Practice 2', 'prac', 7, '2023-06-03', 81, 'Mostly Sunny', '06@348', 30),
(39, 'Detroit Qualifying', 'qual', 7, '2023-06-03', 87, 'Sunny', '07@349', 30.01),
(40, 'Detroit Warmup', 'prac', 7, '2023-06-04', 71, 'Mostly Sunny', '02@327', 29.99),
(41, 'Detroit Race', 'race', 7, '2023-06-04', 77, 'Sunny', '06@318', 30),
(42, 'Road America Practice 1', 'prac', 8, '2023-06-16', 69, 'Partly Sunny', '11@060', 29.98),
(43, 'Road America Practice 2', 'prac', 8, '2023-06-17', 72, 'Mostly Sunny', '12@078', 29.97),
(44, 'Road America Qualifying', 'qual', 8, '2023-06-17', 80, 'Mostly Sunny', '09@095', 29.97),
(45, 'Road America Warmup', 'prac', 8, '2023-06-18', 73, 'Mostly Sunny', '08@105', 29.99),
(46, 'Road America Race', 'race', 8, '2023-06-18', 80, 'Partly Sunny', '09@112', 30),
(47, 'Mid-Ohio Practice 1', 'prac', 9, '2023-06-30', 87, 'Sunny', '09@079', 29.97),
(48, 'Mid-Ohio Practice 2', 'prac', 9, '2023-07-01', 78, 'Mostly Sunny', '12@092', 29.99),
(49, 'Mid-Ohio Qualifying', 'qual', 9, '2023-07-01', 82, 'Sunny', '08@089', 29.98),
(50, 'Mid-Ohio Warmup', 'prac', 9, '2023-07-02', 76, 'Sunny', '05@092', 30),
(51, 'Mid-Ohio Race', 'race', 9, '2023-07-02', 81, 'Sunny', '05@079', 29.99);

-- --------------------------------------------------------

--
-- Table structure for table `team`
--

CREATE TABLE `team` (
  `teamID` int(11) NOT NULL,
  `teamName` varchar(60) NOT NULL,
  `wins` int(11) NOT NULL,
  `poles` int(11) NOT NULL,
  `indy500` int(11) NOT NULL,
  `champs` int(11) NOT NULL
) ENGINE=InnoDB DEFAULT CHARSET=utf8mb4 COLLATE=utf8mb4_general_ci;

--
-- Dumping data for table `team`
--

INSERT INTO `team` (`teamID`, `teamName`, `wins`, `poles`, `indy500`, `champs`) VALUES
(1, 'Abel Motorsports', 0, 0, 0, 0),
(2, 'AJ Foyt Racing', 44, 0, 3, 5),
(3, 'Andretti Autosport', 95, 64, 6, 5),
(4, 'Arrow McLaren', 9, 11, 0, 0),
(5, 'Chip Ganassi Racing', 132, 130, 5, 15),
(6, 'Dale Coyne Racing', 6, 2, 0, 0),
(7, 'Dreyer & Reinbold Racing', 1, 2, 0, 0),
(8, 'Ed Carpenter Racing', 6, 9, 0, 0),
(9, 'Juncos Hollinger Racing', 0, 0, 0, 0),
(10, 'Meyer Shank Racing', 1, 0, 1, 0),
(11, 'Rahal Letterman Lanigan Racing', 25, 31, 2, 1),
(12, 'Team Penske', 235, 296, 19, 15);

-- --------------------------------------------------------

--
-- Table structure for table `track`
--

CREATE TABLE `track` (
  `trackID` int(11) NOT NULL,
  `trackName` varchar(60) NOT NULL,
  `longitude` float NOT NULL,
  `latitude` float NOT NULL
) ENGINE=InnoDB DEFAULT CHARSET=utf8mb4 COLLATE=utf8mb4_general_ci;

--
-- Dumping data for table `track`
--

INSERT INTO `track` (`trackID`, `trackName`, `longitude`, `latitude`) VALUES
(1, 'Streets of St. Petersburg', 27.765, -82.6297),
(2, 'Texas Motor Speedway', 33.0373, -97.2844),
(3, 'Streets of Long Beach', 33.7623, -118.187),
(4, 'Barber Motorsports Park', 33.5326, -86.6203),
(5, 'Indianapolis Motor Speedway', 39.7932, -86.2389),
(6, 'Streets of Detroit', 42.3308, -83.0359),
(7, 'Road America', 43.7979, -87.9903),
(8, 'Mid-Ohio Sports Car Course', 40.6895, -82.6359),
(9, 'Streets of Toronto', 43.634, -79.4132),
(10, 'Iowa Speedway', 41.6738, -93.0154),
(11, 'Streets of Nashville', 36.1671, -86.7705),
(12, 'World Wide Technology Raceway', 38.6505, -90.1376),
(13, 'Portland International Raceway', 45.595, -122.695),
(14, 'WeatherTech Raceway Laguna Seca', 36.5863, -121.757);

-- --------------------------------------------------------

--
-- Structure for view `Average Practice Laps`
--
DROP TABLE IF EXISTS `Average Practice Laps`;

CREATE ALGORITHM=UNDEFINED DEFINER=`samhigg`@`localhost` SQL SECURITY DEFINER VIEW `Average Practice Laps`  AS SELECT `t`.`teamName` AS `teamName`, round(avg(`cs`.`lapCount`),2) AS `Average Laps` FROM (((((`carSession` `cs` join `car` `c` on(`c`.`carID` = `cs`.`carID`)) join `team` `t` on(`t`.`teamID` = `c`.`teamID`)) join `session` `s` on(`s`.`sessionID` = `cs`.`sessionID`)) join `event` `e` on(`e`.`eventID` = `s`.`eventID`)) join `course` `co` on(`co`.`courseID` = `e`.`courseID`)) WHERE `s`.`type` = 'prac' AND `e`.`eventID` <> 6 GROUP BY `t`.`teamName` ORDER BY round(avg(`cs`.`lapCount`),2) DESC ;

-- --------------------------------------------------------

--
-- Structure for view `Average Speed By Event`
--
DROP TABLE IF EXISTS `Average Speed By Event`;

CREATE ALGORITHM=UNDEFINED DEFINER=`samhigg`@`localhost` SQL SECURITY DEFINER VIEW `Average Speed By Event`  AS SELECT `e`.`eventID` AS `eventID`, `e`.`eventName` AS `eventName`, round(avg(`cs`.`topMPH`),2) AS `Average Top Speed` FROM ((`carSession` `cs` join `session` `s` on(`s`.`sessionID` = `cs`.`sessionID`)) join `event` `e` on(`e`.`eventID` = `s`.`eventID`)) GROUP BY `e`.`eventID` ;

-- --------------------------------------------------------

--
-- Structure for view `Easy Session Viewer`
--
DROP TABLE IF EXISTS `Easy Session Viewer`;

CREATE ALGORITHM=UNDEFINED DEFINER=`samhigg`@`localhost` SQL SECURITY DEFINER VIEW `Easy Session Viewer`  AS SELECT `cs`.`sessionID` AS `sessionID`, `cs`.`position` AS `position`, `cs`.`carID` AS `carID`, concat(`d`.`firstName`,' ',`d`.`lastName`) AS `Name`, `cs`.`topMPH` AS `Speed`, `cs`.`lapCount` AS `lapCount` FROM (((`carSession` `cs` join `driver` `d` on(`d`.`driverID` = `cs`.`driverIDNum`)) join `car` `c` on(`c`.`carID` = `cs`.`carID`)) join `team` `t` on(`t`.`teamID` = `c`.`teamID`)) ORDER BY `cs`.`position` ASC ;

-- --------------------------------------------------------

--
-- Structure for view `Fastest Laps By Drivers`
--
DROP TABLE IF EXISTS `Fastest Laps By Drivers`;

CREATE ALGORITHM=UNDEFINED DEFINER=`samhigg`@`localhost` SQL SECURITY DEFINER VIEW `Fastest Laps By Drivers`  AS SELECT DISTINCT `cs`.`carID` AS `carID`, concat(`d`.`firstName`,' ',`d`.`lastName`) AS `Driver Name`, `cs`.`ts` AS `Top Speed` FROM (`driver` `d` join (select `carSession`.`driverIDNum` AS `driverIDNum`,max(`carSession`.`topMPH`) AS `ts`,`carSession`.`carID` AS `carID` from `carSession` group by `carSession`.`driverIDNum`) `cs` on(`d`.`driverID` = `cs`.`driverIDNum`)) ;

-- --------------------------------------------------------

--
-- Structure for view `Fastest Laps By Session`
--
DROP TABLE IF EXISTS `Fastest Laps By Session`;

CREATE ALGORITHM=UNDEFINED DEFINER=`samhigg`@`localhost` SQL SECURITY DEFINER VIEW `Fastest Laps By Session`  AS SELECT `cs`.`sessionID` AS `id`, `s`.`name` AS `name`, max(`cs`.`topMPH`) AS `Fastest MPH` FROM (`carSession` `cs` join `session` `s` on(`cs`.`sessionID` = `s`.`sessionID`)) GROUP BY `s`.`sessionID` ;

-- --------------------------------------------------------

--
-- Structure for view `Race Overview`
--
DROP TABLE IF EXISTS `Race Overview`;

CREATE ALGORITHM=UNDEFINED DEFINER=`samhigg`@`localhost` SQL SECURITY DEFINER VIEW `Race Overview`  AS SELECT `e`.`eventID` AS `eventID`, `e`.`eventName` AS `eventName`, concat(`d`.`firstName`,' ',`d`.`lastName`) AS `Driver Name`, `t`.`teamName` AS `teamName`, `cs`.`topMPH` AS `Avg MPH`, `s`.`date` AS `date`, `s`.`temperature` AS `Temp`, `s`.`weatherCondition` AS `Weather`, `s`.`wind` AS `wind`, `s`.`ambPressure` AS `Air Press` FROM ((((((`carSession` `cs` join `session` `s` on(`s`.`sessionID` = `cs`.`sessionID`)) join `event` `e` on(`e`.`eventID` = `s`.`eventID`)) join `course` `c` on(`c`.`courseID` = `e`.`courseID`)) join `driver` `d` on(`d`.`driverID` = `cs`.`driverIDNum`)) join `car` `ca` on(`ca`.`carID` = `cs`.`carID`)) join `team` `t` on(`t`.`teamID` = `ca`.`teamID`)) WHERE `cs`.`position` = 1 AND `s`.`type` = 'race' ORDER BY `e`.`eventID` ASC ;

--
-- Indexes for dumped tables
--

--
-- Indexes for table `car`
--
ALTER TABLE `car`
  ADD PRIMARY KEY (`carID`),
  ADD KEY `teamID` (`teamID`);

--
-- Indexes for table `carSession`
--
ALTER TABLE `carSession`
  ADD KEY `carID` (`carID`),
  ADD KEY `sessionID` (`sessionID`),
  ADD KEY `driverID` (`driverIDNum`);

--
-- Indexes for table `course`
--
ALTER TABLE `course`
  ADD PRIMARY KEY (`courseID`),
  ADD KEY `trackID` (`trackID`);

--
-- Indexes for table `driver`
--
ALTER TABLE `driver`
  ADD PRIMARY KEY (`driverID`);

--
-- Indexes for table `driverCar`
--
ALTER TABLE `driverCar`
  ADD KEY `driverCar` (`driverIDNum`),
  ADD KEY `carID` (`carIDNum`);

--
-- Indexes for table `event`
--
ALTER TABLE `event`
  ADD PRIMARY KEY (`eventID`),
  ADD KEY `courseID` (`courseID`);

--
-- Indexes for table `session`
--
ALTER TABLE `session`
  ADD PRIMARY KEY (`sessionID`),
  ADD KEY `eventID` (`eventID`);

--
-- Indexes for table `team`
--
ALTER TABLE `team`
  ADD PRIMARY KEY (`teamID`);

--
-- Indexes for table `track`
--
ALTER TABLE `track`
  ADD PRIMARY KEY (`trackID`);

--
-- AUTO_INCREMENT for dumped tables
--

--
-- AUTO_INCREMENT for table `course`
--
ALTER TABLE `course`
  MODIFY `courseID` int(11) NOT NULL AUTO_INCREMENT, AUTO_INCREMENT=16;

--
-- AUTO_INCREMENT for table `driver`
--
ALTER TABLE `driver`
  MODIFY `driverID` int(11) NOT NULL AUTO_INCREMENT, AUTO_INCREMENT=39;

--
-- AUTO_INCREMENT for table `event`
--
ALTER TABLE `event`
  MODIFY `eventID` int(11) NOT NULL AUTO_INCREMENT, AUTO_INCREMENT=18;

--
-- AUTO_INCREMENT for table `session`
--
ALTER TABLE `session`
  MODIFY `sessionID` int(11) NOT NULL AUTO_INCREMENT, AUTO_INCREMENT=52;

--
-- AUTO_INCREMENT for table `team`
--
ALTER TABLE `team`
  MODIFY `teamID` int(11) NOT NULL AUTO_INCREMENT, AUTO_INCREMENT=13;

--
-- AUTO_INCREMENT for table `track`
--
ALTER TABLE `track`
  MODIFY `trackID` int(11) NOT NULL AUTO_INCREMENT, AUTO_INCREMENT=15;

--
-- Constraints for dumped tables
--

--
-- Constraints for table `car`
--
ALTER TABLE `car`
  ADD CONSTRAINT `car_ibfk_1` FOREIGN KEY (`teamID`) REFERENCES `team` (`teamID`) ON DELETE NO ACTION ON UPDATE CASCADE;

--
-- Constraints for table `carSession`
--
ALTER TABLE `carSession`
  ADD CONSTRAINT `carSession_ibfk_1` FOREIGN KEY (`sessionID`) REFERENCES `session` (`sessionID`) ON DELETE NO ACTION ON UPDATE CASCADE,
  ADD CONSTRAINT `carSession_ibfk_2` FOREIGN KEY (`carID`) REFERENCES `car` (`carID`) ON DELETE NO ACTION ON UPDATE CASCADE;

--
-- Constraints for table `course`
--
ALTER TABLE `course`
  ADD CONSTRAINT `course_ibfk_1` FOREIGN KEY (`trackID`) REFERENCES `track` (`trackID`) ON DELETE CASCADE ON UPDATE CASCADE;

--
-- Constraints for table `driverCar`
--
ALTER TABLE `driverCar`
  ADD CONSTRAINT `driverCar_ibfk_1` FOREIGN KEY (`driverIDNum`) REFERENCES `driver` (`driverID`) ON DELETE NO ACTION ON UPDATE CASCADE,
  ADD CONSTRAINT `driverCar_ibfk_2` FOREIGN KEY (`carIDNum`) REFERENCES `car` (`carID`) ON DELETE NO ACTION ON UPDATE CASCADE;

--
-- Constraints for table `event`
--
ALTER TABLE `event`
  ADD CONSTRAINT `event_ibfk_1` FOREIGN KEY (`courseID`) REFERENCES `course` (`courseID`) ON DELETE NO ACTION ON UPDATE CASCADE;

--
-- Constraints for table `session`
--
ALTER TABLE `session`
  ADD CONSTRAINT `session_ibfk_1` FOREIGN KEY (`eventID`) REFERENCES `event` (`eventID`) ON DELETE NO ACTION ON UPDATE CASCADE;
COMMIT;

/*!40101 SET CHARACTER_SET_CLIENT=@OLD_CHARACTER_SET_CLIENT */;
/*!40101 SET CHARACTER_SET_RESULTS=@OLD_CHARACTER_SET_RESULTS */;
/*!40101 SET COLLATION_CONNECTION=@OLD_COLLATION_CONNECTION */;
